Version,Fitness,Time
V1 Uniform,0.30573687622004586,15.714365482330322
V2 Demand,0.27152187870573724,15.450109004974365
V3 Advanced,0.27152187870573724,14.932030439376831
`