Cost,Coverage Loss
1.0,0.6953870594020386
1.0,0.6727427141748366
1.0666666666666667,0.7053272148604797
1.0666666666666667,0.6886779519674252
1.0,0.6008105793559169
