Method,Time,Fitness
CPU PSO,494.5570781946182,0.26932778112002714
CUDA PSO,497.7428086519241,0.2692716934355164
