Variant,Fitness
Random,0.5
CPU,0.26932778112002714
CPU+LSTM,0.2692997372777718
Full,0.2692716934355164
